13007,201,10,70.9,82,92.66,94.46,663.81,367.05
13991,213,10,75.1,82,96.1,96.32,657.36,379.02
14971,197,8,70.9,82,94.96,95.73,670.06,366.82
14985,203,11,68.6,82,95.13,95.92,661.84,347.07
14993,209,13,71,82,95.76,96.32,662.26,354.52
14994,208,9,70.7,82,95.41,96.1,656.44,355.52
14996,171,6,47.8,82,89.71,91.93,584.59,254.8
14996,174,6,50.5,82,90.73,92.8,597.07,272.77
14997,206,9,70.7,82,95.34,95.85,651.28,354.79
14998,209,9,71,82,95.35,95.67,649.7,356.46
14998,210,9,70.7,82,95.27,95.95,655.54,356.3
15000,197,2,68.7,82.2,97.63,97.77,705.24,396.58
15000,205,8,70.3,82,95.36,95.84,648.77,352.84
15000,203,9,69.9,82,95.26,95.93,654.96,351.16
15000,196,8,62.9,82,93.75,94.47,630.67,320.38
15000,168,7,41.6,82,88.55,90.77,561.94,221.33
15001,199,9,69.9,82,93.33,95.83,666.73,362.53
15001,194,10,68.9,82,93.31,96.77,673.89,355.47
15001,193,8,66.9,82,92.53,96.62,674.61,352.71
15002,200,10,67,82,94.02,94.29,663.11,351.64
15002,208,7,74,82,96,96.12,660.97,373.15
15002,210,10,72.4,82,95.85,97.08,669.88,365.53
15003,205,7,71.7,82,93.33,95.9,663.16,338.41
15005,200,9,72.2,82,94.53,97.2,687.32,371.17
15005,201,9,70,82,93.37,97.06,683.37,365.59
15005,199,10,69.2,82,95.18,96.03,653.28,373.85
15006,197,9,67.2,82,92.42,96.31,679.02,353.42
15006,203,9,73,82,94.41,95.31,677.55,349.04
15006,201,11,68.5,82,93.48,96.88,680.95,353.76
15006,191,10,65.9,82,92.45,96.29,668.96,345.26
15007,197,9,72,82,94.49,95.36,676.47,371.86
15007,200,8,70.7,82,95.09,95.83,672.19,369.9
15007,195,11,67.4,82,93.6,96.95,682.35,345.2
15007,197,10,68.9,82,93.4,96.84,683.45,356.56
15007,200,4,68.4,82,92.92,95.04,639.58,353.64
15008,206,11,72,82,94.48,96.92,690.83,363.14
15008,201,9,70,82,93.37,96.86,677.33,362.41
15009,194,7,70.6,82,95.08,95.84,671.68,360.25
15009,204,11,71.5,82,94.55,97.56,687.82,366.87
15009,199,11,71.3,82,94.44,97.27,683.85,360.38
15009,208,13,67.8,82,95.2,96.11,658.96,340.47
15010,202,8,70.9,82,94.9,96.04,656.42,362.46
15010,203,7,73.8,82,94.48,96.82,660.8,373.03
15011,192,8,67.2,82,92.41,96.33,672.73,349.83
15011,198,11,65.6,82,92.6,96.37,679.41,339.24
15011,200,7,70.9,82,95.18,96.13,647.68,356.57
15015,200,9,69.8,82,93.38,97.27,677.56,360.64
15024,202,8,70.9,82,95.09,95.83,696.26,330.48
15027,199,9,69.5,82,93.43,97.9,724.16,356.59
15036,201,8,74.2,82,95.94,95.14,651.14,354.61
15043,197,10,68.7,82,93.43,96.86,681.92,358.51
15044,203,9,72.5,82,94.52,97.59,693.3,379.4
15046,205,4,73.4,82,93.28,96.95,682.56,384.5
15047,198,9,69.4,82,93.41,95.88,675.82,363.63
15048,202,9,72.3,82,94.54,97.41,685.55,368.03
15065,203,10,69.1,82,93.49,97.12,685.27,357.27
15857,197,8,68.4,82,93.27,97.21,685.17,348.75
15947,197,8,70.9,82,94.3,97.44,688.86,361.75
15948,194,6,68.7,82,95.13,96.5,675.91,379.88
15951,198,8,68.1,82,93.33,96.85,676.04,339.44
15953,199,6,69.7,82,93.2,97.02,682.23,356.66
15954,200,7,69,82,95.08,96.05,665.54,371.79
15954,201,8,68.8,82,95.02,96.18,666.61,369.54
15957,196,7,68.4,82,95.12,96.47,651.89,366.12
15965,198,6,69.5,82,95.02,95.83,682.41,361.36
15965,200,5,70.5,82,94.75,95.81,659.48,363.78
15966,200,9,71.8,82,95.78,94.99,641.89,327.86
15967,196,5,69.7,82,95.04,95.87,672.74,356.78
15967,200,4,75,82,95.61,95.38,634.93,351.29
15968,202,10,71.1,82,95.89,95.25,649.9,324.3
15968,192,8,67.4,82,93.32,96.63,683.59,340.43
15968,207,2,77.1,82,95.56,94.99,634.25,348.74
15969,189,6,65.4,82,92.51,96.25,669.62,337.08
15970,194,6,69.4,82,94.91,95.74,664.5,354.4
15970,196,-2,67.3,82.2,98.96,98.33,712.1,289.91
15970,198,6,73.7,82,95.61,95.13,634.97,331.9
15971,196,7,68.9,82,93.17,96.56,673.49,348.87
15971,195,8,68.5,82,94.9,94.48,634.31,312.44
15972,199,6,69.3,82,93.3,96.89,683.82,353.97
15972,193,8,67.5,82,93.32,96.84,683.66,349.52
15972,182,4,58.4,82,91.26,94.4,624.97,316.87
15973,197,5,70,82,94.98,95.83,677.89,357.65
15977,197,4,70.4,82,95.02,96.08,648.45,355.16
15977,193,5,71.7,82,94.76,96.56,655.66,359.61
15978,194,8,67.8,82,93.26,97,678.81,356.84
15979,198,6,69.8,82,94.92,95.76,678.9,342.67
15981,195,7,68.2,82,93.33,97.68,703.95,358.05
15982,215,6,73.5,82,95.85,96.85,674.45,376.18
15984,201,9,70.1,82,96.08,96.76,660.04,350.33
15987,204,9,70.7,82,95.61,96.72,673.09,358.85
15990,197,6,69.6,82,93.14,95.77,663.09,328.15
15990,206,7,69.4,82,95.34,96.31,658.87,354.59
15991,200,7,68.2,82,95.29,96.2,660.69,350.3
15994,200,8,68.3,82,95.11,96.24,659.82,345.01
15994,192,7,63.3,82,94.44,96,647.72,329.52
15995,201,8,68.1,82,95.19,96.51,663.27,347.16
15996,202,6,69.9,82,95.41,95.84,646.6,349.76
15996,200,8,70.3,82,95.53,96.82,674.8,359
15996,198,7,68.5,82,95.13,96.28,664.15,346.91
15996,204,8,68.6,82,95.35,96.68,664.78,350.22
15997,204,7,69.6,82,95.21,96.21,660.71,355.26
15997,206,9,68.1,82,95.41,96.3,661.76,341.37
15998,206,8,69.1,82,95.47,96.43,661.72,356.11
15998,204,9,68.1,82,95.34,96.45,654.59,343.85
15998,200,7,68.7,82,95.34,95.89,652.39,345.86
15999,196,7,72.5,82,95.72,94.98,636.62,328.62
15999,207,7,69.3,82,95.4,95.95,659.81,346.3
15999,195,10,64.3,82,94.39,96.46,659.8,334.21
16000,204,9,76.2,82,96.24,96.13,661.25,348.71
16000,195,-5,70.2,82.3,98.31,97.88,701.31,362.08
16000,190,9,64.1,82,92.45,96.71,676.35,335.54
16000,210,7,72.2,82,95.88,96.23,660.6,356.27
16000,204,9,70.4,82,95.89,96.97,666.29,358.44
16001,198,8,71.7,82,95.86,95.47,643.12,338.94
16001,205,9,68.1,82,95.17,95.87,657.14,344.23
16001,204,7,69.2,82,95.33,95.89,658.46,346.07
16001,199,10,67,82,95.14,96.2,656.17,337.74
16001,199,6,69.1,82,95.54,96.12,648.39,343.09
16002,186,7,64.7,82,92.45,96.17,672.36,334.73
16002,196,6,68.7,82,93.35,96.52,668.44,355.22
16002,200,6,66.7,82,94.06,95.64,645.6,342.45
16002,199,7,68,82,95.5,96.01,652.89,342.16
16002,210,10,70.9,82,96,96.49,659.27,358.24
16002,197,8,70.1,82,95.69,96.18,651.87,353.31
16002,193,6,68.4,82,95.14,95.91,670.09,372.86
16003,197,7,68.3,82,93.35,96.9,684.39,357.99
16003,198,8,68.4,82,93.2,96.36,678.12,340.22
16003,207,8,71.8,82,95.94,96.3,662.12,360.8
16003,209,4,71.3,82,95.55,95.81,657.25,358.08
16003,195,7,68.4,82,95.06,96.02,670.8,375.59
16004,196,5,69.8,82,94.99,95.83,675.86,365.64
16004,195,6,69.1,82,95.01,95.81,670.04,357.65
16004,200,6,69.2,82,93.34,96.92,680.48,355.39
16004,199,5,71,82,94.74,95.66,676.14,378.18
16004,195,6,68.8,82,93.29,96.68,679.4,347.55
16004,200,8,70.4,82,95.9,96.6,666.25,354.91
16005,197,7,68.7,82,93.23,96.61,686.58,347.99
16005,195,8,67.8,82,93.28,96.61,685.08,344.52
16005,202,7,77.6,82,97.66,96.03,663.85,365.06
16005,207,9,76.7,82,96.2,96.11,658.75,351.58
16005,200,8,70.7,82,94.41,97.34,690.87,361.78
16005,199,8,68.3,82,93.26,96.81,679.12,347.9
16005,194,8,67.5,82,93.33,96.65,677.85,340.43
16005,205,2,76.8,82,95.54,94.98,631.88,344.47
16005,196,0,69.6,82,93.99,96.17,664.93,363.69
16005,202,7,69.3,82,95.43,95.82,654.79,350.84
16005,205,9,67.7,82,95.48,96.35,656.85,341.38
16005,193,6,68.3,82,95.17,96.13,668.5,373.77
16006,193,7,65.5,82,92.43,96.77,692.55,342.93
16006,195,7,69,82,94.88,93.7,652.06,344.55
16006,191,8,67.5,82,93.44,95.77,674.16,348.99
16006,203,7,69.3,82,93.26,96.84,681.37,360.84
16006,191,8,67,82,93.38,96.87,684.4,350.23
16006,198,5,69.6,82,93.31,97.12,687.91,355.41
16006,193,7,67.8,82,93.36,96.9,684.33,345.02
16006,196,4,70,82,93.28,96.73,679.35,358.58
16006,200,9,70.2,82,95.8,96.3,664.74,352.35
16006,199,8,68.3,82,95.26,96.81,663.11,347.9
16006,198,8,68.3,82,95.03,96.18,650.54,366.77
16007,194,6,68.6,82,93.31,96.49,679.7,345.8
16007,194,6,69.2,82,94.94,95.77,674.98,356.39
16007,198,6,69.9,82,94.87,95.72,668.12,354.7
16007,202,10,67.4,82,93.32,97,688.05,348.13
16007,203,5,71.4,82,94.76,95.68,668.68,372.85
16007,201,8,68.3,82,93.33,96.86,680.25,348.64
16007,197,4,70.1,82,95.08,96.53,667.46,370.86
16007,207,7,69.7,82,95.28,96.47,665.94,355.55
16007,203,6,69.7,82,95.1,96.3,665.97,374.44
16008,193,8,69.3,82,94.58,94.84,641.12,317.48
16008,200,9,70,82,94.46,97.34,691.63,357.39
16008,203,5,74.4,82,95.71,95.04,640.73,338.14
16008,203,7,69,82,95.34,95.9,656.68,350.73
16008,199,7,68.4,82,95.38,96.32,659.04,348.23
16009,196,8,67.8,82,93.31,96.23,679.6,341.69
16009,195,6,68.7,82,93.32,95.9,671.79,358.09
16009,187,8,64.1,82,92.5,96.17,673.06,329.45
16009,203,4,70.7,82,93.31,96.96,678.26,367.67
16009,197,7,72.6,82,95.72,95.19,646.63,347.34
16009,194,7,67.9,82,93.36,96.1,650.42,350.91
16009,194,5,69,82,95.15,96.14,650.28,346.58
16009,205,6,70.6,82,94.91,96.36,665.09,376.63
16010,195,8,67.8,82,95.08,95.81,695.02,357.36
16010,194,9,69.2,82,96.29,97.35,705.74,365.63
16010,191,6,68.3,82,95.1,95.88,703.32,373.08
16010,193,7,68.9,82,94.84,93.66,653.32,344.75
16010,195,8,68.3,82,94.93,95.7,666.78,349.68
16010,192,7,68.1,82,94.04,95.81,672.38,351.61
16010,197,10,67,82,93.27,96.75,680.94,340.28
16010,199,8,68,82,93.35,96.87,686.4,350.6
16010,195,7,68.5,82,95.02,96.2,652.28,345.88
16011,197,5,67,82,94.02,94.44,666.9,320.77
16011,194,8,67.9,82,93.41,95.76,669.99,346.5
16011,203,7,77.5,82,96.12,96.08,658.92,369.72
16011,196,7,68.7,82,95,93.78,655.94,341.24
16011,199,8,68.6,82,94.98,95.74,671.71,354.85
16011,193,6,68.7,82,94.05,95.84,680.63,360.58
16011,193,6,68.7,82,95.05,95.64,650.63,344.55
16012,190,6,68.5,82,93.41,95.81,675.83,361.31
16012,188,9,66.2,82,95.16,95.82,703.88,351.89
16012,196,5,69.4,82,95.1,95.91,675.58,359.72
16012,193,8,68,82,94.95,95.71,672.97,358.07
16012,189,6,68.2,82,95.07,95.85,694.63,318.8
16012,194,6,68.8,82,95.05,96.05,664.73,372.86
16013,194,8,68,82,94.98,95.74,671.52,348.82
16013,205,4,73.8,82,94.29,97.76,695.18,377.91
16013,197,6,69.5,82,94.95,95.78,661.28,351.59
16014,199,6,73.6,82,95.64,95.16,639.51,333.41
16014,200,7,69.1,82,95.01,96.2,664.42,371.17
16015,198,6,71.7,82,94.35,95.34,677.77,370.16
16016,198,8,72,82,97.37,95,657.55,349.02
16016,201,4,70.8,82,93.21,96.89,682.53,365.99
16027,194,7,70.5,82,94.4,97.34,702.38,330.57
16030,201,5,70.9,82,94.82,95.72,669.49,367.17
16034,194,8,67.2,82,93.4,96.49,682.87,343.24
16034,184,7,64.5,82,92.42,96.55,689.85,339.2
16036,205,6,70.2,82,95,96.23,652.58,348.36
16039,194,7,68.5,82,94.97,95.76,673.38,358.48
16039,200,3,70.6,82,93.77,97.03,685.01,368.7
16040,196,8,72.1,82,95.65,94.91,641.58,347.4
16042,196,8,70.3,82,94.37,95.29,681.9,364.09
16042,196,6,68.4,82,93.41,97.37,681.34,364.52
16043,198,6,73.1,82,95.73,95.22,642.88,331.45
16043,207,4,75.4,82,95.69,95.25,636.54,357.06
16045,198,5,70.1,82,94.94,95.8,669.18,360.62
16045,201,7,69,82,93.25,96.83,683.1,350.16
16045,204,4,75.6,82,95.52,95.12,635.61,340.98
16045,204,3,75.9,82,95.59,94.99,636.6,342.32
16046,203,4,75.3,82,95.57,95.36,644.39,340.26
16046,192,6,65.9,82,94,95.58,648.21,340.52
16046,199,7,72.5,82,95.79,95.44,641.86,346.01
16046,203,8,76.7,82,96.17,95.9,653.95,357.42
16046,197,5,66.9,82,94.02,96.24,656.97,350.67
16047,193,8,68.1,82,94.9,95.68,668.12,347.73
16047,199,7,69,82,93.19,96.98,681.91,343.01
16047,189,9,63.5,82,92.56,96.79,677.96,327.83
16047,202,7,71.2,82,94.46,97,677.7,375.34
16047,198,9,67.2,82,93.37,96.05,658.6,292.23
16048,198,5,69.7,82,93.25,96.68,680.97,354.68
16049,200,7,68.8,82,93.27,97.05,683.37,358.02
16049,197,9,67.1,82,93.37,97.45,690.45,347.25
16050,199,8,68.1,82,93.29,97.03,681.52,346.71
16050,207,8,71.3,82,94.45,96.58,663.85,355.99
16052,197,6,68.8,82,93.32,96.9,684,354.91
16053,194,5,69.6,82,94.94,96,645.04,354.12
16055,190,8,71.3,82,95.67,94.92,647.56,336.6
16059,196,6,71.1,82,94.83,96.59,682.82,384.76
16060,192,5,66.2,82,94.06,96.65,677.14,374.41
16949,196,5,67,82,95.15,95.95,651.86,360.02
16950,192,8,62.5,82,94.11,96.19,663.07,347
16952,194,3,65.2,82,94.12,96.36,659.86,365.05
16954,195,6,66.3,82,95.17,96.13,652.07,358.46
16954,194,5,66.8,82,95.14,95.94,655.55,357.92
16954,193,6,66.2,82,95.14,95.9,671.37,361.85
16955,194,7,65.6,82,95.2,96.12,662.33,350.42
16960,201,5,71.5,82,95.79,95.09,639.29,323.19
16962,198,5,71.5,82,95.68,95.2,641.33,341.19
16964,188,7,65.2,82,93.31,96.65,674.64,329.52
16965,199,4,67.9,82,93.33,96.77,683.67,344.49
16965,198,8,69.5,82,95.82,95.24,647.8,315.17
16966,194,5,66.6,82,93.39,96.57,682.36,343.77
16967,192,5,66.9,82,95.04,95.86,671.75,343.52
16967,194,4,67.5,82,94.87,95.92,682.52,346.3
16967,187,6,65.6,82,93.31,96.47,674.57,336.37
16967,188,6,65.8,82,93.28,96.45,670.2,338.12
16968,197,6,66.4,82,93.4,96.76,684.63,335.91
16968,200,3,68.7,82,93.27,96.75,680.89,354.64
16968,198,5,67.4,82,93.29,96.91,680.96,350.78
16969,190,6,68.4,82,94.37,97.33,686.96,359.88
16969,194,4,67.3,82,93.33,96.76,677.44,341.73
16969,195,6,66.6,82,93.27,96.66,680.5,339.79
16969,198,6,66.7,82,93.35,96.72,681.82,339.98
16969,198,3,68.8,82,94.97,96.08,667.17,359.34
16970,191,6,66.4,82,95,95.8,673.08,349.78
16970,198,6,74.3,82,96.29,95.82,654.77,338.4
16970,171,2,53.1,82,90.48,93.54,632.26,292.49
16971,185,5,66.4,82,94.95,95.78,670,348.8
16973,191,5,66.5,82,93.32,96.51,674.98,337.22
16973,196,4,69.8,82,94.46,97.26,686.65,354.5
16974,202,6,71,82,95.81,95.29,645.78,320.92
16975,192,4,66.7,82,95.24,96.03,649.02,330.49
16976,191,6,69.8,82,95.78,95.04,638.68,311.91
16985,195,6,66.3,82,93.35,96.32,685.72,336.17
16985,194,4,67.3,82,93.32,96.55,683.26,341.8
16994,201,6,69.3,82,95.86,97.22,673.09,352.6
16995,195,8,65.5,82,93.28,96.81,686.54,337.88
16996,194,5,66.7,82,95.34,95.34,649.54,330.17
16996,194,6,63.3,82,94.21,96.13,664.86,330.51
16996,201,7,68.4,82,95.98,97.08,670.94,350.2
16997,193,6,66,82,95.17,95.72,655.81,331.81
16997,175,5,51.6,82,91.61,93.53,623.22,276.54
16997,193,5,67,82,95.02,95.64,647.52,355.92
16998,194,5,66.5,82,95.2,95.98,698.46,357.64
16998,179,4,50.2,82,91.32,92.86,603.41,264.49
16998,202,8,66.2,82,95.31,96.05,651.41,330.94
16999,201,5,69.7,82,95.89,96.27,665.53,346.79
16999,174,4,49.6,82,91.18,93.29,611.71,267.95
17000,194,-4,66.4,82.3,98.55,98.03,706.22,367.49
17000,194,3,71.9,82,95.69,94.85,635.14,328.3
17000,198,5,66.9,82,95.42,95.6,644.94,336.25
17000,201,5,67.7,82,95.08,96.51,661,342.89
17000,164,2,44.2,82,89.43,91.21,577.27,227.36
17000,198,7,65.5,82,95.33,96.43,666.64,333.73
17000,192,5,66,82,95.28,96.03,673.61,358.25
17001,204,3,73.5,82,95.57,94.97,639.7,332.92
17001,186,6,65.2,82,93.37,96.71,675.49,339.79
17001,194,5,66.7,82,93.94,96.13,647.48,333.4
17001,202,6,67.1,82,95.34,96.33,666,341.19
17001,197,5,66.9,82,95.38,95.97,654.33,332.68
17001,197,5,67.3,82,95.06,95.88,654.45,361.07
17001,198,6,66.7,82,95.12,95.9,655.45,359.35
17001,195,5,66.6,82,95.2,96.18,670.54,366.72
17001,194,7,65.5,82,95.2,96.12,672.28,361.15
17002,190,3,67.6,82,94.44,93.91,655.67,341.95
17002,194,5,66.9,82,95.08,95.49,672.53,325.17
17002,203,7,70.6,82,95.8,95.45,651.61,324.11
17002,206,5,68.3,82,95.28,96.32,667.26,345.73
17002,198,5,68.7,82,96.08,97.01,668.41,348.55
17002,198,6,66.4,82,95.41,95.97,652.84,330.02
17002,197,6,66.7,82,95.09,96.28,664.84,362.19
17003,189,8,64.9,82,93.26,96.58,679.78,334.78
17003,199,3,68.6,82,93.24,96.73,682.33,345.69
17003,188,-1,68.7,82,93.44,96.36,670.95,348.1
17003,198,3,72.7,82,95.59,94.78,637.69,328.57
17003,193,6,65.9,82,93.59,96.14,662.21,335.94
17003,194,4,67.2,82,93.34,96.16,669.52,349.2
17003,188,4,69.1,82,94.37,96.38,656.77,348.51
17003,173,2,50,82,90.71,92.66,598.25,254.2
17003,195,5,67,82,95.08,96.1,654.64,359.88
17003,191,7,65.2,82,95.19,96.1,659.92,349.98
17003,193,5,66.5,82,95.16,95.95,651.81,357.29
17004,195,5,66.9,82,93.31,96.52,683.1,335.16
17004,191,5,66.1,82,93.42,95.98,666.51,344.19
17004,196,4,67.8,82,95.03,95.88,671.86,347.64
17004,194,4,67.7,82,94.99,95.85,675.13,344.61
17004,193,4,67.4,82,95.05,95.89,673.96,350.2
17004,199,4,68.1,82,93.24,96.7,680.27,349.21
17004,188,5,65.9,82,93.38,95.95,651.71,332.12
17004,197,4,71.8,82,95.67,95.22,623.08,335.87
17004,184,4,63.4,82,94.15,95.53,647.57,325.47
17004,199,6,66.7,82,95.16,95.73,654.02,334.1
17004,203,6,67.5,82,95.06,96.27,668.71,344.35
17004,188,7,64.7,82,94.84,96.13,652.53,347.01
17004,195,5,67,82,95.08,95.69,650.63,356.68
17004,203,7,69.2,82,94.41,96.36,670.3,369.26
17005,193,5,66.6,82,93.33,96.33,681.32,337.17
17005,193,3,67.8,82,93.68,95.94,670.47,350.84
17005,198,3,68.3,82,93.3,96.37,675.12,341.69
17005,200,8,73.8,82,96.19,95.9,657.37,332.6
17005,190,7,65.4,82,93.29,96.63,678.39,338.23
17005,185,2,66.9,82,93.43,97.07,686.5,350.93
17005,188,4,64.1,82,92.47,96.48,680.53,339.83
17005,192,6,65.8,82,93.39,96.14,662.08,336.5
17005,194,5,62.5,82,94.59,93.43,610.79,306.68
17005,193,6,66.3,82,95.07,95.86,652.32,354.77
17006,194,6,66.3,82,93.31,96.48,678.89,332.7
17006,192,5,66.1,82,94.45,94.01,657.07,331.74
17006,192,6,66.1,82,93.3,95.87,682.66,343.41
17006,191,7,65.7,82,95.03,95.79,703.55,355.12
17006,197,6,66.6,82,93.32,96.7,683.27,340.69
17006,194,6,66.1,82,93.36,96.92,685.83,337.71
17006,194,7,65.5,82,93.39,96.72,682.23,335.54
17006,191,5,63.7,82,92.53,96.3,675.64,333.62
17006,196,4,71.6,82,95.7,95.23,639.41,337.4
17006,188,5,63.8,82,94.01,95.4,647.49,325.31
17006,198,5,67.5,82,95.03,96.07,648.05,343.62
17007,192,6,66.5,82,94.98,95.78,674.76,346.19
17007,189,6,67.9,82,94.46,97.4,690.31,351.49
17007,192,6,66.1,82,93.3,96.87,686.65,333.8
17007,188,7,64.8,82,93.41,96.71,680.03,333.31
17007,201,1,69.7,82,93.29,97.22,691.14,360.82
17007,193,6,67,82,94.86,95.7,670.99,351.61
17007,194,1,68.7,82,93.34,96.64,679.62,351.45
17007,195,6,70.5,82,95.69,94.78,637.35,316.55
17007,188,1,65.7,82,92.44,96.15,668.34,341.7
17007,188,4,68.5,82,94.55,96.31,671.65,347.75
17007,196,4,67.6,82,95.08,95.93,668.78,349.49
17007,184,5,62.8,82,93.98,96.52,663.89,329.6
17007,201,8,68.1,82,95.71,96.41,659.83,342.25
17007,200,4,68.3,82,95.01,96.08,657.9,363.78
17008,191,6,63.5,82,94.04,95.41,680.13,318.19
17008,196,6,66.3,82,94.17,95.93,662.05,336.64
17008,190,7,65,82,93.41,96.12,660.22,335.42
17008,195,4,64.7,82,94.11,95.53,655.71,333.72
17008,198,6,66.5,82,93.58,96.34,654.31,335.56
17008,195,6,66.5,82,95.08,96.06,660.52,356.9
17008,194,7,65.8,82,95.1,95.85,666.81,355.29
17009,195,4,67.1,82,93.4,96.81,682.52,344.1
17009,196,7,65.9,82,93.34,97.08,687.51,339.09
17009,192,7,65.3,82,93.39,96.11,661.96,330.23
17009,197,3,68.3,82,95.06,95.94,654.46,341.32
17009,203,3,73.3,82,95.59,94.98,627.93,344.08
17009,191,4,66.6,82,93.41,96.21,654.51,340.8
17009,188,4,64.2,82,94.04,96.46,666.02,338.96
17009,200,8,65.4,82,95.07,96.56,663.79,331
17010,185,6,64.7,82,93.49,97.79,711.17,343.97
17010,189,6,67.9,82,94.46,95.39,662.27,338.68
17010,196,7,66.3,82,93.22,96.79,677.63,338.7
17010,180,2,62.1,82,93.12,95.19,654.19,328.38
17010,192,4,66.5,82,93.48,97.26,677.56,351.69
17010,197,6,66.4,82,95.17,96.14,664.16,355.33
17011,191,4,66.6,82,93.41,96.61,686.49,337.61
17011,192,7,67.9,82,94.41,95.34,679.65,354.68
17011,197,4,68.4,82,94.88,95.78,667.54,348.9
17011,195,6,69.3,82,94.24,95.25,673.15,356.74
17011,193,5,66.5,82,95.16,95.95,695.72,357.33
17011,195,3,67.8,82,93.34,96.99,681.6,348.41
17011,196,5,66.8,82,93.37,97.16,690.08,339.67
17011,191,4,64.3,82,92.5,96.51,677.23,332.7
17011,197,6,66.8,82,94.45,95.85,660.27,335.69
17011,191,7,65.3,82,95.15,95.68,653.36,326.69
17012,197,4,69.6,82,94.52,97.51,695.76,356.91
17012,192,7,65.4,82,95.15,95.88,675.46,348.58
17013,198,6,66.7,82,93.32,96.3,683.32,336.97
17013,192,8,65.2,82,93.26,96.39,681.99,329.98
17013,192,5,66.2,82,93.61,96.18,676.52,343.68
17014,198,3,68.3,82,93.29,96.16,675.01,341.73
17014,197,6,69.3,82,94.31,95.3,678.35,354.32
17014,190,5,66.1,82,93.38,96.55,675.81,331.06
17014,177,4,62,82,94.35,95.66,664.17,332.39
17014,199,6,74.7,82,96.17,95.92,652.79,350.95
17014,193,3,67.9,82,95.04,95.71,647.89,343.54
17015,190,7,68.9,82,95.84,95.66,657.56,322.23
17015,202,2,73.7,82,95.58,94.99,637.6,331.12
17015,193,4,67.1,82,93.73,95.95,655.26,340.18
17015,192,5,66.4,82,93.75,96.14,659.55,335.46
17015,191,7,65.3,82,95.15,96.08,661.32,352.34
17017,195,6,68.5,82,94.48,97.42,688.93,354.61
17017,179,3,54.7,82,91.82,94.01,634.24,293.5
17019,192,5,66.5,82,95.12,95.92,689.04,357
17028,188,7,64.6,82,93.45,96.94,690.73,335.2
17035,187,8,64.5,82,93.29,96.2,682.15,325
17035,193,6,63.5,82,92.49,96.64,690.96,331.82
17035,192,4,69.5,82,94.36,96.18,656.86,352.78
17036,195,6,66.4,82,93.29,96.27,682.67,332.29
17037,187,3,66.6,82,95.21,96.03,652.27,340.61
17037,201,4,67.9,82,95.15,96.18,654.05,339.13
17038,192,1,65.8,82,94.12,95.61,649.82,335.94
17038,200,4,68,82,95.08,96.13,650.95,341.04
17040,197,7,65.6,82,93.44,96.36,679.14,329.46
17041,194,5,66.7,82,95.11,96.11,649.02,339.98
17042,189,6,70.1,82,95.57,94.88,649.12,327.73
17042,195,4,69.4,82,94.49,96.28,657.12,351.71
17043,196,5,66.7,82,95.18,96.17,658.19,337.51
17044,199,4,72.1,82,95.63,95.18,640.37,340.32
17045,194,5,66.6,82,95.14,96.13,649.44,334.5
17046,197,5,70.8,82,95.79,95.28,647.06,334.93
17047,194,5,67,82,93.22,95.85,675.53,353.29
17047,189,6,66.3,82,94.91,93.73,657.49,327.89
17047,193,5,67,82,94.58,95.82,672.94,346.51
17047,191,6,66.3,82,94.58,95.78,668.66,338.21
17047,189,6,65.6,82,95.12,95.88,690.8,350.25
17047,188,4,66.1,82,93.44,96.82,676.69,341.24
17048,198,5,67.5,82,94.4,95.84,677.56,343.79
17048,195,5,66.7,82,93.34,95.94,681.53,343.58
17048,187,4,68.5,82,94.48,95.46,678.54,353.94
17048,195,1,72.9,82,95.69,94.89,642.99,337.09
17049,208,0,74.9,82,95.72,95.15,640.08,339.96
17050,189,6,65.9,82,94.83,95.81,671.35,341.15
17050,190,6,67.9,82,94.46,95.4,672.39,355.23
17050,197,4,67.6,82,93.29,96.73,684.88,340.43
17050,197,5,67.2,82,93.26,96.68,680.35,336.56
17050,195,3,72,82,95.66,95.02,636.62,324.66
17050,207,-2,72.2,82,94.98,97.02,681.73,374.69
17051,190,6,65.8,82,95.09,95.86,690.39,345.61
17051,199,-1,70.1,82,93.77,96.72,680.31,358.5
17051,195,6,66.3,82,93.31,97.29,686.97,349.29
17052,187,5,68,82,94.48,95.43,666.5,338.3
17052,198,5,67,82,93.35,96.95,685.87,335.56
17053,192,6,66.3,82,95.01,95.8,673.18,341.8
17053,196,5,67.1,82,93.25,96.87,684.19,343.52
17059,200,3,68.4,82,95.1,96.17,657.23,367.38
17060,196,8,62.9,82,94.05,96.16,670.35,351.87
17060,194,6,65.9,82,93.99,96.74,690.15,371.81
17061,194,7,65.6,82,93.73,96.67,683.14,370.15
17064,195,4,67.4,82,95.07,95.91,670.45,367.21
17065,201,6,69.1,82,95.67,96.43,665.19,370.76
17066,197,5,67.3,82,95.02,96.05,665.69,361.35
17069,197,6,66.3,82,93.76,97.33,695.95,372.52
17129,196,6,66.2,82,93.32,96.69,681.14,338.08
17900,202,4,68.1,82,95.72,96.71,673.36,347.22
17934,188,4,66.4,82,94.52,96.28,674.53,357.95
17940,182,6,62.4,82,93.46,96.76,683.87,319.87
17942,181,6,62.5,82,93.39,95.91,658.78,331.47
17943,189,3,67.1,82,94.48,96.28,657.93,339.99
17943,192,4,64.7,82,94.38,95.78,653.33,336.77
17944,183,4,63.8,82,93.95,95.74,660.36,341.83
17945,190,4,66.6,82,94.52,96.29,670.63,353.65
17946,189,5,65.9,82,94.55,96.48,667.09,355.56
17946,190,3,66.9,82,94.57,96.16,655.53,358.3
17947,189,6,63.2,82,93.44,95.96,659.98,340.73
17947,190,4,64.3,82,94.03,96.02,656.03,342.93
17947,193,4,64.7,82,95.01,96.01,649.89,343.56
17947,186,4,64.3,82,94.29,95.71,667.63,347.92
17948,193,4,66.7,82,94.59,96.75,659.97,357.06
17948,186,4,63.6,82,94.51,96.27,661.06,341.5
17948,191,4,64.3,82,93.66,95.84,652.62,340.09
17948,188,2,67.4,82,94.7,96.32,660.14,360.24
17948,185,4,64,82,94.75,95.75,660.5,343.91
17949,191,5,63.9,82,93.64,96.19,656.15,339.42
17949,187,3,64.4,82,94.64,96.05,656.13,345.25
17949,182,5,65.2,82,94.53,96.25,662.31,346.74
17949,189,3,64.9,82,94.96,95.79,662.87,350.98
17949,195,4,65,82,94.98,95.99,671.63,351.16
17950,189,3,64.6,82,95.25,96.26,652.34,347.34
17950,188,4,64.1,82,94.02,95.8,659.77,344.06
17950,181,5,62.7,82,93.47,96.4,670.12,343.64
17950,188,3,64.8,82,94.55,95.98,670.75,351.54
17951,184,6,65.7,82,94.29,97.45,694.55,332.11
17951,190,4,64.6,82,95.13,95.95,654.51,346.61
17951,198,4,67.7,82,94.46,96.46,670.12,362.4
17952,186,3,64.4,82,95.21,96.22,655.5,351.32
17952,191,3,65,82,93.99,96.22,651.56,347.59
17952,193,4,66.9,82,94.53,96.7,668.92,361.61
17952,190,3,64.9,82,93.79,96.21,655.44,344.94
17952,190,3,64.9,82,93.79,96.21,655.44,344.94
17952,188,4,64.1,82,94.22,96,647.75,340.86
17952,190,1,67.9,82,94.56,96.19,653.24,363.68
17952,189,5,64,82,94.73,95.92,650.42,341.03
17953,189,5,66,82,94.51,96.46,662.5,351.45
17953,191,5,63.8,82,93.66,96.01,666.59,346.76
17953,185,3,64.3,82,94.21,95.82,651.39,342.27
17953,191,4,64.4,82,93.63,95.82,648.07,342.4
17954,190,4,64.6,82,94.93,95.94,654.47,343.42
17955,191,5,64,82,94.4,95.97,661.59,344.95
17955,189,6,63.2,82,94.23,95.96,659.88,340.76
17956,186,6,63.1,82,93.36,95.9,658.59,337.43
17956,185,3,66.7,82,94.46,96.06,669.3,358.34
17957,192,4,64.7,82,94.17,96.17,659.16,349.64
17957,188,3,64.6,82,95.21,96.03,651.65,340.6
17957,190,3,66.9,82,94.57,96.35,659.39,358.33
17961,196,4,65,82,93.41,97.22,692.1,338.76
17962,190,2,65.5,82,95.15,96.01,678.78,337.29
17962,183,5,65.2,82,94.55,97.47,692.75,337.53
17963,187,3,64.9,82,93.28,95.93,669.49,331.08
17963,188,5,65.5,82,94.63,97.34,692.27,339.75
17964,188,3,64.6,82,95.21,96.02,699.57,350.24
17964,187,3,62.5,82,92.43,96.27,675.24,317.7
17964,187,3,64.5,82,95.2,96.02,651.46,347.6
17965,188,3,64.5,82,93.44,96.04,672.05,331.93
17965,191,2,65.6,82,93.35,96.61,682.86,336.74
17965,191,1,66.3,82,93.28,97.39,693.81,350.48
17966,192,-2,67.5,82,93.4,96.95,679.73,345.78
17966,185,2,64.8,82,93.39,95.83,655.18,325.97
17967,186,4,64.1,82,93.34,95.94,682.38,337.02
17967,188,5,64,82,93.29,96.48,679.65,324.72
17968,191,3,64.7,82,95.28,96.08,702.85,347.21
17968,192,2,65.5,82,93.41,96.06,667.94,331.65
17968,185,4,63.6,82,93.46,96.63,680.24,325.21
17968,190,5,64,82,93.36,96.73,680.84,328.63
17969,186,4,65.8,82,94.61,97.35,685.88,330.92
17969,187,2,62.7,82,92.51,96.16,670.64,323.44
17970,187,1,67.8,82,94.47,96.12,663.61,341.09
17970,192,1,66.3,82,93.31,95.62,656.37,334.85
17970,190,4,64.3,82,94.81,96.2,651.76,349.43
17973,186,1,67.3,82,94.59,96.01,645.52,332.7
17975,192,3,64.9,82,93.64,96.26,654.39,326.53
17976,187,5,65.5,82,94.58,96.7,669.5,333.03
17976,188,4,62,82,92.86,96.67,667.68,327.86
17977,185,3,62,82,92.51,94.53,666.35,295.93
17978,188,3,66.9,82,94.48,95.48,671.87,315.98
17982,193,3,67.2,82,94.56,96.75,693.46,337.5
17983,189,3,64.6,82,93.43,96.24,681.95,325.03
17983,191,3,64.5,82,93.53,97.52,703.65,339.49
17983,193,3,64.9,82,95.07,96.08,656.91,326.93
17985,187,5,63.8,82,94.51,95.89,671.83,326.26
17987,195,3,65.1,82,93.48,97.29,701.11,338.66
17987,206,3,68.9,82,95.71,96.74,675.36,348.98
17987,193,6,63.7,82,94.99,96.14,655.48,318.57
17987,186,2,65.1,82,94.92,95.58,646.03,349.26
17988,188,3,64.3,82,93.48,96.48,684.77,330.66
17988,197,3,65.3,82,95.08,96.3,661.36,331.15
17988,191,5,66.1,82,95.73,96.27,656.81,335.37
17989,198,4,65.1,82,95.03,96.63,670.53,338.69
17990,201,4,68.1,82,95.62,96.63,675.59,343.91
17990,199,5,64.8,82,95.21,96.39,660.19,331.1
17990,200,5,64.5,82,95.13,96.49,664.27,327.79
17991,199,3,65.9,82,94.97,96.22,669.64,335.99
17991,195,3,65.4,82,95.18,95.62,655.59,323.09
17991,201,5,65.3,82,95.12,95.54,655,327.28
17991,197,4,67,82,95.61,96.77,670.49,343.11
17992,196,4,64.4,82,94.97,96.33,672.67,334.75
17992,187,5,60.5,82,94.33,96.43,659.69,314.1
17993,192,7,62.6,82,95.14,95.81,659.74,317.38
17993,196,5,64.2,82,95.08,96.04,665.22,322.65
17993,200,4,65.5,82,94.98,96.2,667.79,335.78
17993,198,5,65,82,94.91,96.12,666.56,328.92
17993,193,6,63.4,82,94.88,96.6,666.87,321.3
17993,193,5,63.9,82,95.07,96.03,650.85,317.89
17993,199,5,66.7,82,95.82,96.56,662.83,336.02
17994,192,5,65.8,82,95.65,96.77,664.86,332.14
17995,200,4,65.5,82,95.17,95.6,657.76,329.38
17995,199,7,63.8,82,95.21,95.94,656.17,321.93
17996,185,5,63.1,82,93.45,96.39,675.95,319.15
17996,192,3,67,82,95.58,96.56,669.66,339.05
17996,197,5,66.3,82,95.67,96.79,677.5,335.79
17996,189,5,63.7,82,95.2,95.96,651.38,315.1
17996,194,5,64.3,82,94.98,96.36,659.47,324.24
17997,192,6,63.3,82,95.07,95.59,652.71,315.46
17997,194,4,64.8,82,94.98,95.59,653.43,317.57
17997,188,7,64.7,82,95.55,97.03,671.02,329.07
17997,194,7,65.1,82,95.63,96.51,658.73,321.15
17997,193,5,64.4,82,95.12,95.91,648.36,313.36
17997,192,2,67.2,82,95.87,97.05,669.07,341.41
17998,188,4,66.1,82,94.57,95.52,683.24,344.97
17998,193,4,64.5,82,95.03,96.03,658.27,335.98
17998,193,6,63.4,82,95.27,96,654.81,314.91
17998,200,5,64.7,82,95.07,96.64,667.21,332.41
17998,195,4,64.2,82,95.2,96.15,654.96,317.01
17998,191,5,64.2,82,93.31,95.9,650.11,340.11
17999,183,2,63.9,82,93.58,96.17,670.07,308.06
17999,187,3,66.3,82,94.62,95.58,684.03,346.99
17999,191,3,66.6,82,95.86,96.42,655.01,332.84
17999,189,5,63.2,82,95.15,95.87,649.79,310.03
17999,192,5,66,82,95.58,96.92,669.8,333.51
18000,188,-5,64.3,82.2,98.06,97.77,707.78,357.68
18000,186,-4,63.3,82.2,98.15,97.61,697.05,333.14
18000,192,-6,64.3,82.2,98.15,97.62,700.66,296.1
18000,190,-8,65.7,82.2,98.14,97.72,697.5,380.32
18000,180,-7,61.5,82.2,98.18,97.49,695.83,286.63
18000,186,-8,65.5,82.3,98.06,97.64,695.81,284.15
18000,187,-5,64.2,82.2,97.66,97.57,697.68,310.18
18000,188,-7,64.5,82.2,97.9,97.8,703.76,357.87
18000,188,-7,64.4,82.2,98.13,97.63,702.26,326.76
18000,187,4,63.5,82,93.54,96.69,679.54,326.95
18000,190,4,64.8,82,94.84,95.47,644.94,322.54
18000,189,5,63.7,82,94.99,96.56,659.33,318.32
18000,194,5,64.1,82,95.04,96.41,662.4,322.87
18000,188,7,62.4,82,94.86,96.35,660.27,311.43
18001,183,5,65,82,94.58,97.1,689.27,333.13
18001,184,1,67.3,82,94.5,97.14,685.9,348.04
18001,189,4,64,82,93.45,96.63,682.27,323.1
18001,178,4,62.6,82,93.52,97.06,682.72,328.86
18001,188,5,63,82,94.98,96.49,664.15,317.9
18001,193,5,65.6,82,95.54,97.04,670.4,337.6
18001,192,3,67.1,82,95.74,96.34,659.09,334.92
18001,185,3,63.9,82,93.7,95.88,658.8,339.73
18001,190,4,64.5,82,94.73,95.94,654.41,344.52
18002,184,1,65,82,93.42,96.28,677.58,328.16
18002,186,5,61.3,82,92.44,96.42,675.19,313.18
18002,183,4,61.2,82,92.52,96.3,668.37,314.21
18002,187,3,64.1,82,95.1,95.69,646.99,319.37
18002,184,6,64.7,82,95.56,96.26,658.95,325.56
18002,199,2,66.5,82,94.93,96.21,666.97,341.12
18002,189,5,63.5,82,95.05,95.8,650.29,320.15
18002,191,6,65.2,82,95.85,96.53,658.72,317.05
18002,191,3,64.7,82,95.05,96.66,666.44,331.32
18002,186,5,63.3,82,93.82,96.17,661.49,343.35
18002,193,4,64.5,82,93.63,96.22,662.23,352.02
18002,177,2,66,82,94.52,96.11,653.86,353.63
18002,189,4,64,82,94.45,95.83,666.26,345.54
18003,192,4,66.5,82,94.58,97.34,693.67,342.73
18003,188,3,64.5,82,93.41,96.82,683.6,335.29
18003,194,4,65,82,93.31,96.14,650.37,325.37
18003,191,2,65.3,82,94.62,95.66,649.89,346.08
18003,187,3,66.6,82,94.52,96.11,674.45,363.39
18004,193,2,66.1,82,93.24,96.13,679.14,332.96
18004,188,4,64.1,82,93.38,96.58,681.14,325.05
18004,186,3,65,82,94.99,95.85,669.89,339.57
18004,187,5,63.4,82,93.42,96.57,675.57,320.37
18004,188,4,63.8,82,93.48,97.05,688.61,334.2
18004,193,3,67.3,82,94.51,96.52,660.68,333.41
18004,204,5,67.6,82,95.52,96.69,675.47,345.62
18004,183,6,62.1,82,94.74,96.82,669.17,323.19
18004,201,2,68.9,82,95.66,96.91,670.22,344.78
18004,190,4,66.2,82,94.6,96.55,661.91,354.41
18004,190,5,63.9,82,94.76,96.14,654.91,339.31
18004,192,2,65.5,82,94.39,95.84,645.51,344.6
18004,188,3,66.3,82,94.65,96.41,676.59,360.19
18005,191,5,66.2,82,94.48,97.04,688.1,331.29
18005,187,5,63.7,82,93.32,96.7,682.08,330.46
18005,191,3,64.6,82,93.48,96.68,676.9,322.64
18005,189,3,64.6,82,93.41,96.63,685.69,334.73
18005,192,5,66,82,94.58,97.71,695.73,339.94
18005,188,4,64.1,82,93.38,96.78,685.13,325.06
18005,182,2,64.3,82,93.42,95.85,655.42,329.68
18005,201,2,68.9,82,95.66,96.71,672.2,351.2
18005,192,5,63.9,82,95.03,96.59,664.1,324
18005,190,7,62.9,82,93.37,96.09,656.97,330.09
18005,188,4,66.4,82,94.47,96.25,669.64,358.2
18006,190,2,65.7,82,93.25,95.94,671.25,338.79
18006,189,4,64.1,82,93.42,96.6,679.72,325.42
18006,188,4,64.2,82,93.35,96.35,674.62,327.35
18006,191,4,64.1,82,93.48,96.66,676.92,322.92
18006,188,3,64.3,82,93.47,96.47,676.55,324.32
18006,187,2,64.8,82,93.43,96.87,681.9,336.45
18006,194,3,64.9,82,95.29,95.9,659.25,324.18
18006,195,2,65.8,82,95.2,96.26,657.86,336.53
18006,189,4,64.2,82,94.78,96.18,655.22,340.53
18007,191,0,66.3,82,93.4,96.11,677.73,332.44
18007,181,2,64.3,82,93.38,94.02,660.8,332.54
18007,189,3,65,82,93.29,95.93,665.68,337.46
18007,186,5,63.3,82,95.21,95.97,691.43,333.76
18007,188,5,66,82,94.44,97.2,691.22,338.46
18007,182,3,61.6,82,92.51,95.92,668.24,308.26
18007,189,6,65.1,82,94.6,96.9,685.93,330.08
18007,187,4,66.3,82,94.46,97.24,687.5,342.75
18007,183,4,61.3,82,92.49,96.08,665.84,316.55
18007,187,6,65,82,94.57,96.47,673.21,330.29
18007,187,4,65.9,82,94.59,96.33,671.52,356.12
18008,196,3,67.7,82,94.5,96.71,688.53,340.41
18008,185,4,66,82,94.49,95.45,677.77,344.84
18008,189,5,63.4,82,93.48,96.62,684.71,321.08
18008,181,4,63.8,82,95.04,95.86,676.42,341.4
18008,181,3,63.3,82,93.55,96.91,681.33,331.04
18008,191,5,66.2,82,94.48,96.64,680.07,337.71
18008,195,4,66.9,82,95.76,96.13,661.5,330.52
18008,191,2,65.5,82,95.15,96.21,654.84,353.85
18008,195,2,66,82,95.13,96.21,654.85,353.9
18008,189,6,63.2,82,93.79,95.93,655.28,337.8
18008,184,4,63.5,82,93.43,96.6,681.67,357.99
18008,181,4,63.2,82,93.63,95.59,661.4,340.47
18009,190,0,65.7,82,93.55,98.02,712.09,350.53
18009,187,6,62.8,82,93.45,96.57,682.03,324.69
18009,190,2,67.3,82,94.56,96.36,661.13,336.51
18009,186,3,64.5,82,95.14,95.97,654.32,347.42
18009,182,5,62.6,82,93.7,95.82,660.51,338.73
18009,184,4,63.5,82,95.23,96.2,675.66,348.38
18010,190,3,66.9,82,94.53,95.52,670.72,310.44
18010,178,4,63.1,82,93.36,93.94,658.14,324.35
18010,184,2,62.2,82,94.14,94.98,672.86,311.08
18010,182,3,63.5,82,93.52,96.49,674.9,326.36
18010,183,3,63.7,82,93.49,96.67,674.5,328.08
18010,183,3,63.6,82,93.52,96.89,670.99,328.99
18010,191,2,65,82,94.1,96.13,665.3,342.48
18010,188,1,65.1,82,95.32,95.96,663.41,347.93
18010,187,3,66.9,82,94.42,96.23,676.84,360.57
18011,189,4,64.7,82,93.23,95.86,678.7,332.75
18011,187,3,64.8,82,93.28,95.92,669.41,332.19
18011,187,3,64.6,82,93.34,95.97,666.4,330.83
18011,187,7,60,82,92.57,96.45,681.07,313.07
18011,194,-1,67.1,82,93.41,96.94,676,349.5
18011,194,5,66.2,82,94.58,96.72,677.91,335.64
18011,190,2,65.3,82,93.37,95.63,649.18,326.51
18011,186,4,65.9,82,94.55,96.5,664.86,333.33
18011,187,3,63.9,82,93.56,97.13,671.87,334.06
18011,187,2,67.3,82,94.45,96.48,661.21,357.8
18011,195,4,65,82,95.14,95.96,660.9,348.2
18012,187,2,67.2,82,94.48,96.5,685.71,336.33
18012,191,5,64.1,82,93.33,95.92,678.44,337.88
18012,186,7,62,82,93.51,97.18,686.9,320.79
18012,189,2,62.9,82,94.09,95.35,638.36,319.31
18012,188,4,64.3,82,93.32,96.13,650.06,320.05
18012,187,2,64.7,82,93.46,96.09,650.33,324.58
18013,188,4,66.4,82,94.46,95.44,669.54,342.2
18013,190,6,65.5,82,94.51,97.03,690.48,329.98
18013,185,4,63.5,82,93.46,96.23,654.2,323.11
18013,186,6,62.9,82,95.18,95.92,658.91,339.49
18013,186,4,63.7,82,95.23,96.01,661.81,340.86
18014,181,3,61.1,82,92.63,96.61,692.01,322.03
18014,190,1,65.8,82,93.37,94.05,665.09,310.1
18014,187,2,62.3,82,92.6,96.23,672.07,327.24
18015,186,5,63.7,82,93.28,95.87,673.37,326.95
18015,187,4,66.5,82,94.39,95.39,676.38,340.89
18015,182,3,63.9,82,95.19,95.99,688.86,335.53
18015,186,3,64.5,82,93.33,95.96,664.25,328.21
18015,187,4,66.6,82,94.36,96.56,659.87,333.54
18016,185,3,63.8,82,95.32,96.1,657.11,340.7
18016,193,4,64.4,82,95.25,96.24,656.55,343.38
18017,190,4,66.3,82,94.56,96.52,669.24,289.43
18017,186,3,64.2,82,95.23,95.83,655.72,343.8
18017,189,3,66.8,82,94.52,96.31,682.51,362.3
18018,196,2,68.2,82,94.48,96.72,666.3,362.34
18025,193,4,64.6,82,95.19,95.99,653.47,319.15
18033,191,2,62.8,82,92.57,97.42,703.78,333.81
18035,195,4,67.2,82,94.44,96.44,679.65,334.19
18036,185,1,65,82,93.43,97.09,693.77,338.25
18037,183,5,65,82,94.56,96.68,692.83,330.06
18037,185,4,63.8,82,93.35,95.95,676.44,320.47
18038,190,2,65.1,82,93.42,96.26,683.85,328.47
18039,177,1,59.3,82,93.36,95.18,651.04,310.17
18039,184,5,62.8,82,93.48,96.01,656.34,321.71
18039,191,2,65.6,82,93.3,95.97,649.96,333.81
18041,185,5,64,82,94.74,95.76,672.98,330.39
18044,195,3,67.3,82,94.56,96.55,687.46,337.53
18044,186,5,63.3,82,95.19,95.95,697,337.12
18044,189,5,63.7,82,93.36,96.74,682.82,324.92
18044,189,3,62.4,82,93.87,96.71,659.99,326.05
18045,188,3,64.3,82,93.44,96.65,676.09,327.68
18046,192,3,64.7,82,93.46,97.07,686.53,335.06
18046,200,4,67.7,82,94.46,95.67,660.24,337.87
18046,190,2,65.4,82,93.32,95.79,650.26,335.33
18046,192,3,67.1,82,94.51,96.51,658.52,341.47
18047,187,3,64.2,82,93.44,96.64,675.96,328.25
18047,185,6,62.2,82,93.54,97.23,689.35,319.96
18047,190,5,65.5,82,94.64,97.55,694.47,337.6
18047,195,3,65.5,82,93.31,96.97,686.43,341.6
18047,185,4,63.5,82,93.44,95.81,661.8,323.25
18047,188,3,64.2,82,93.47,96.67,672.56,335.01
18048,188,3,67.2,82,94.34,95.37,661.44,335.78
18049,188,4,64.3,82,93.29,95.91,665.62,326.61
18049,196,4,67.3,82,94.44,97.24,689.61,340.09
18049,184,3,63.8,82,93.46,96.45,676.13,318.05
18050,183,3,64.2,82,93.3,95.93,665.53,336.46
18050,188,4,64,82,93.38,96.78,683.09,329.36
18050,184,6,62,82,93.57,97.25,687.72,321.43
18051,185,3,64.3,82,93.34,95.96,668.21,336.25
18051,182,4,60.5,82,92.68,96.61,678.64,313.91
18051,188,4,61.6,82,92.53,96.52,676.77,322.16
18051,185,2,64.5,82,93.42,96.86,683.65,335.48
18052,189,0,66.2,82,93.33,94.05,664.43,339.18
18053,193,4,64.7,82,93.33,96.95,690.64,334.37
18054,185,3,64.1,82,93.4,96.81,681.17,331.69
18054,194,3,65.1,82,93.4,96.83,689.7,335.34
18055,186,3,66.4,82,94.51,95.5,656.19,333.04
18055,189,3,64.6,82,93.38,96.8,687.09,331.72
18057,185,3,64.5,82,95.07,95.91,653.14,340.84
18058,188,4,64.4,82,93.25,95.88,673.02,335.34
18061,194,3,67.4,82,94.48,96.49,658.09,358.67
18061,181,3,63.8,82,95.15,95.97,658.21,345.9
18062,194,4,64.4,82,95.26,96.24,656.63,343.93
18062,189,4,63.9,82,95.24,96.22,660.04,343.5
18063,190,1,65.6,82,95.2,96.07,669.49,357.01
18063,180,1,64.1,82,95.33,96.15,672.97,351.35
18064,190,3,65,82,95.08,95.93,653.61,347.65
18065,192,1,66,82,95.14,96.03,650.71,347.61
18065,183,3,63.9,82,95.18,95.99,670.85,348.9
18066,186,2,64.3,82,95.31,95.92,675.07,347.35
18068,185,1,64.7,82,95.3,95.94,668.88,350.77
18068,183,3,66.1,82,94.49,96.48,683.7,363.65
18069,190,0,66,82,95.22,95.91,655.85,351.12
18070,190,5,63.6,82,95.21,96.17,659.61,342.32
18071,185,6,62.3,82,93.5,96.6,682.59,322.38
18071,182,5,62.9,82,93.36,96.52,672.31,323.48
18071,186,4,63.7,82,94.79,95.98,667.13,344.31
18071,181,4,63,82,95.25,96.21,677.65,348.97
18073,189,3,66.7,82,94.51,96.5,676.31,363.43
18074,191,4,64.2,82,93.41,96.6,679.64,328.7
18074,180,4,62.8,82,95.27,96.23,678.02,344.05
18943,181,4,63,82,94.62,97.14,691.07,323.55
18944,183,4,61,82,93.54,95.88,660.61,326.63
18945,186,3,62.2,82,93.41,96.01,650.71,333.77
18946,180,3,61.4,82,93.46,96.04,659.16,329.44
18946,188,0,63.6,82,93.88,95.75,656.02,340.57
18946,187,2,62.7,82,93.43,95.86,677.17,336.96
18950,182,2,61.7,82,93.58,95.96,669.2,334.84
18951,188,0,63.7,82,95.04,95.72,661.43,342.85
18953,174,2,61.2,82,93.47,95.66,656.97,327.14
18960,188,3,62,82,93.53,96.31,676.79,310.74
18960,186,5,61.4,82,93.35,96.72,683.79,313.41
18961,182,1,62.3,82,93.72,96.15,676.4,320.76
18961,182,2,62.3,82,93.77,96.01,669.97,322.93
18961,179,1,60,82,92.57,95.61,662.41,305.56
18966,189,2,62.9,82,93.42,96.46,683.15,323.08
18967,187,1,63.3,82,93.37,94.04,664.24,297.21
18968,185,0,65.4,82,94.57,96.61,680.29,335.14
18969,167,-2,64.3,82,94.61,95.85,647.85,325.09
18969,188,-2,64.5,82,93.47,96.59,659.92,330.9
18971,189,1,63.5,82,93.38,96.05,654.42,315.31
18972,181,2,62,82,93.43,95.84,670.78,322.2
18973,185,1,62.6,82,93.52,96.15,666.55,331.89
18974,188,-1,66.2,82,94.57,95.63,680.33,313.49
18974,189,1,63.5,82,93.37,95.65,656.38,318.53
18975,190,0,63.7,82,93.5,94.17,662.41,298.81
18977,187,0,65.7,82,94.54,96.39,663.87,333.03
18977,174,1,63.5,82,94.65,96.42,672.97,284.28
18978,182,3,63.4,82,94.65,96.59,665.57,324.51
18983,189,1,63.5,82,95.17,95.04,668.27,305.74
18988,182,3,61.6,82,94.83,95.22,640.83,306.02
18988,187,3,61.9,82,94.91,96.29,664.35,314.62
18989,185,2,61.9,82,94.99,95.37,647.53,305.35
18989,185,4,59.1,82,94.19,96.15,660.87,306.09
18989,190,5,63.8,82,95.7,96.24,659.58,315.24
18989,190,3,62,82,95.18,95.95,653.69,308.35
18990,190,1,63.1,82,95.13,95.36,646.89,313.08
18990,188,1,65.2,82,95.78,96.19,664.59,327.69
18991,187,4,61.2,82,95.18,95.91,653.47,303.94
18992,189,4,61.5,82,95.15,96.3,661.17,311.52
18992,191,5,61.3,82,94.94,96.46,665.01,306.56
18993,193,2,63,82,95.11,95.73,648.85,314.09
18993,190,3,61.8,82,94.84,96.59,668.67,316.61
18994,184,4,60.9,82,95.17,95.9,655.14,305.66
18994,177,3,56,82,93.89,95,632,283.75
18994,189,3,62.2,82,94.88,96.27,657.99,306.18
18995,186,-1,61.4,82,92.63,96.33,677.95,316.63
18995,194,4,64.1,82,95.69,97.02,672.95,324.59
18995,191,3,62.1,82,95.18,95.75,647.74,311.02
18995,190,1,64.8,82,95.78,96.55,663.96,325.9
18996,188,1,65.2,82,94.57,96.59,658.51,327.71
18996,189,2,62.3,82,94.99,95.78,653.88,312.72
18996,189,3,63.7,82,95.79,97.11,670.21,321.1
18996,186,4,63,82,95.76,96.25,655.53,312.7
18996,182,4,60.6,82,95.2,96.12,653.44,304.51
18997,188,2,62.6,82,95.06,95.28,643.7,309.59
18997,191,2,62.8,82,95.1,96.32,656.56,315.23
18997,193,2,65.2,82,95.8,97,673.36,331.85
18997,190,3,64.5,82,95.57,96.75,668.65,320.34
18998,195,3,64.5,82,95.95,96.49,663.91,319.03
18998,181,4,60.1,82,94.93,96.61,667.37,311.91
18998,192,3,64.2,82,95.54,97.08,667.51,320.72
18998,185,1,62.8,82,93.44,96.09,655.21,336.52
18998,189,1,65.2,82,94.61,96.22,681.14,350.53
18999,177,-1,62.5,82,93.56,94.22,662.73,296.88
18999,182,3,60.9,82,94.85,96.38,662.29,318.88
18999,190,2,64.9,82,95.59,96.18,664.94,323.95
18999,180,4,60.7,82,94.9,95.84,647.7,302.95
18999,182,3,63.9,82,94.48,96.26,656.66,339.09
19000,179,-10,62.5,82.3,97.76,97.3,687.55,298.84
19000,192,-9,63.2,82.2,98.45,97.97,703.72,312.47
19000,186,-8,62.7,82.2,98.05,97.58,702.04,314
19000,182,4,60.9,82,94.9,95.84,649.86,305.01
19000,186,1,64.6,82,95.89,96.68,668.35,326.3
19000,182,5,62.4,82,95.46,96.35,657.7,309.43
19000,193,1,63.8,82,95.2,95.88,653.07,314.08
19000,193,3,64.8,82,94.58,96.16,669,347.49
19000,186,2,62.6,82,93.59,95.63,674.41,344.13
19001,184,3,59.4,82,94.2,95.79,659.06,307.43
19001,184,4,61,82,95.13,95.87,650.55,304.78
19001,188,5,61.3,82,95.03,95.78,649.05,305.57
19001,193,3,64.8,82,95.78,96.16,656.99,318.65
19001,194,3,64.8,82,95.62,96.19,657.65,322.24
19002,187,2,62.6,82,95.22,96.05,697.01,334.88
19002,176,3,60.9,82,93.45,96.42,678.68,313.68
19002,182,-1,63,82,93.57,96.43,671.14,326
19002,188,3,61.5,82,95.06,95.6,652.85,309.07
19002,192,4,63.8,82,95.71,96.03,661.12,317.06
19002,191,4,61.9,82,95.09,95.86,656.26,305.42
19002,192,1,63.8,82,94.96,96.25,660.4,323.33
19002,186,3,63.8,82,95.65,96.4,657.69,306.25
19002,193,1,63.8,82,95,96.28,657.05,320.5
19002,184,2,62.2,82,93.45,96.26,655.21,337.53
19003,190,1,63.6,82,93.36,96.64,684.14,327.67
19003,181,2,62,82,93.41,95.43,648.4,312.7
19003,180,1,64.4,82,94.54,96.15,653.54,325.99
19003,178,5,59.9,82,94.94,95.83,654.15,302.07
19003,188,3,62.5,82,93.34,95.77,653.71,335.14
19003,188,3,62.5,82,93.34,95.77,653.71,335.14
19004,184,1,62.2,82,93.6,96.8,677.62,322.54
19004,183,2,63.9,82,93.86,96.42,673.66,286
19004,180,3,57.1,82,93.62,95.42,648.15,291.2
19005,186,1,63.2,82,93.34,96.02,671.66,317.14
19005,183,2,64.7,82,94.4,95.42,675.38,332.85
19005,186,-2,66.3,82,94.59,96.86,680.5,335.17
19005,188,2,62.5,82,93.49,96.5,676.11,316.95
19005,190,2,62.6,82,93.53,96.14,668.86,339.18
19006,174,-1,61.9,82,93.65,96.88,696,327.12
19006,179,1,59.5,82,92.7,95.71,666.42,307.06
19006,182,0,62.5,82,93.58,96.41,673.25,313.67
19006,180,2,61.6,82,93.5,97.1,685.83,322.47
19006,193,1,63.8,82,93.4,96.87,685,330.13
19006,189,3,62.3,82,93.44,96.04,651.33,318.12
19007,185,1,62.9,82,93.4,96.06,682.57,316.39
19007,180,2,63.9,82,96.35,97.53,707.73,339.4
19007,181,1,64.6,82,94.51,95.53,657.05,324.45
19007,181,3,61.2,82,95.31,96.08,702.06,328.65
19007,188,1,62.9,82,93.51,95.35,656.46,317.48
19007,181,1,62.1,82,93.52,96.74,662.27,322.43
19007,189,0,63.7,82,93.44,95.92,647.37,317.77
19007,187,-1,64,82,93.42,95.93,646.97,318.39
19007,192,3,62.8,82,93.38,95.81,654.65,340.23
19008,190,1,63.5,82,93.39,96.26,678.6,322.22
19008,181,2,62,82,93.4,96.23,682.34,312.72
19008,181,0,64.5,82,94.69,95.69,670.02,307.17
19008,188,2,62.6,82,93.45,96.08,685.56,332.06
19008,180,2,64.3,82,94.42,95.43,675.57,335.58
19008,185,3,63.9,82,94.58,95.54,672.45,330.6
19008,183,1,62.2,82,94.36,96.37,656.96,335.03
19008,178,2,61.3,82,93.53,95.91,652.16,327.77
19009,185,1,63,82,93.37,96.03,682.03,318.67
19009,184,2,62.5,82,93.34,95.99,679.57,328.36
19009,182,-1,65.3,82,94.62,96.66,680.79,329.63
19009,192,2,63.4,82,93.34,95.8,649.96,316.47
19009,186,1,62.9,82,95.24,95.69,655.18,335.99
19010,187,3,64.4,82,94.48,95.47,679.06,329.81
19010,180,1,62.2,82,93.45,96.69,681.1,321.16
19010,181,1,62,82,93.55,96.36,676.75,316.96
19010,181,1,64.8,82,94.44,96.48,653.93,325.74
19010,190,2,63.1,82,93.36,96.01,676.22,344.17
19010,181,2,61.7,82,94.5,95.9,679.87,334.73
19011,184,-1,63.6,82,93.44,94.14,655.12,298.65
19011,186,2,64.8,82,94.47,95.48,674.71,333.04
19011,181,1,62.5,82,93.39,96.04,668.13,321.93
19011,186,1,62.6,82,93.53,96.96,688.71,322.77
19011,184,1,64.6,82,94.61,96.61,674.92,331.99
19011,185,1,60.3,82,94.24,95.88,673.86,337.1
19012,188,-1,64.1,82,93.42,95.73,653.02,324.24
19012,180,3,63.4,82,94.56,96.12,673.89,346.34
19013,175,1,63.5,82,94.65,95.63,669.12,303.97
19013,189,1,63.1,82,93.47,96.72,683.98,319.2
19013,188,-2,64.3,82,93.5,95.62,656.41,323.32
19013,189,2,65,82,94.51,96.32,659.57,332.27
19014,187,2,64.4,82,94.63,96.41,671.44,346.86
19015,185,-1,63.5,82,93.5,96.19,696.23,296.77
19015,187,4,63.6,82,94.59,96.33,682.79,345.98
19018,184,1,64.7,82,94.57,97.18,692.29,331.05
19034,187,2,62.7,82,93.37,96.01,676.1,314.84
19036,180,-1,63.1,82,93.44,95.73,678.94,321.24
19036,183,1,62.8,82,93.34,96.41,683.49,316.71
19038,180,1,61.4,82,93.69,97.07,696.91,322.27
19038,189,1,65.1,82,94.61,96.82,685.15,332.38
19045,189,2,65,82,94.49,96.3,653.16,322.75
19045,189,1,65.4,82,94.51,96.74,665.46,329.5
19046,187,2,62.6,82,93.39,96.03,674.47,328.63
19049,182,2,63.8,82,94.62,97.19,684.98,321.98
19049,186,0,63.2,82,93.46,96.93,687.56,324.71
19051,189,2,64.3,82,94.71,96.67,686.79,355.08
19052,183,-1,60.7,82,92.72,95.99,665.04,306.2
19052,183,1,62.5,82,93.43,96.88,684.86,322.78
19053,183,-2,66,82,94.54,96.82,683.5,333.83
19053,183,-2,63.7,82,93.49,95.8,665.88,314.47
19054,179,4,60.9,82,93.36,95.93,679.42,320.25
19062,192,1,63.8,82,94.12,96.21,653.66,342.75
19066,182,1,61.9,82,93.58,96.39,677.2,318.44
19066,195,1,65.8,82,94.59,96.61,683.07,353.7
19069,175,2,63.2,82,94.56,96.33,659.56,341.25
19071,184,2,62,82,93.46,96.28,675.41,320.41
19071,184,2,61.8,82,94.33,95.92,672.45,335.07
19940,185,-1,61.7,82,93.42,96.92,686.17,316.63
19944,176,-1,62.2,82,94.72,96.12,681.49,337.4
19945,178,-1,62.4,82,94.73,95.93,669.65,336.2
19949,173,-2,60.3,82,93.61,95.46,654.54,326.64
19960,180,-3,63.6,82,94.68,96.94,684.92,327.1
19960,183,3,61.7,82,94.53,97.5,694.85,318.5
19961,182,1,60.1,82,93.53,96.15,695.77,319.11
19971,178,2,61.3,82,94.63,96.38,664.1,311.9
19972,182,-3,61.6,82,93.63,95.92,679.26,312.08
19975,184,-1,63.4,82,94.59,95.63,675.62,296.75
19979,188,-1,61.9,82,93.44,96.94,696.56,319.16
19987,185,0,60.5,82,94.84,95.86,661.64,304.69
19988,187,1,60.7,82,94.69,96.33,667.41,312.17
19988,182,1,61.7,82,95.58,96.73,664.7,304.14
19992,195,0,64.1,82,95.81,96.05,662.63,315.8
19996,183,2,61.2,82,95.42,96.74,669.56,308.29
19996,173,0,59.5,82,93.55,95.36,665.42,319.53
19998,180,1,59.5,82,93.64,96.22,681.29,298.48
19999,177,-1,62.3,82,94.68,96.09,680.84,340.14
20001,183,-1,63,82,94.67,96.89,688.84,319.56
20001,183,0,60.8,82,94.66,95.32,644.56,301.21
20003,181,-1,60.8,82,93.53,95.99,677.69,304.68
20003,176,-2,60.2,82,93.71,95.94,680.26,303.14
20003,179,0,59.9,82,93.62,95.83,656.88,321.07
20004,169,-1,61.7,82,94.6,95.61,685.03,327.07
20007,178,1,61.6,82,94.65,95.62,688.4,326.14
20007,174,-3,60.7,82,93.62,95.89,672.67,330.72
20011,181,2,59.3,82,93.58,95.95,652.4,312.54
20012,187,-1,61.5,82,93.51,96.19,653.66,306.66
20042,190,-5,65.5,82,94.66,96.37,684.79,323.66
20051,181,1,59.6,82,93.6,96.19,662.73,310.91
20058,184,1,62.4,82,94.56,97.17,689.22,314.4
20065,174,-1,61.9,82,94.66,96.67,680.26,339.89
20066,182,0,62.2,82,94.7,96.29,669.34,332.57
20072,183,-3,61.2,82,93.92,95.99,658.83,329.36
20943,173,-3,60.2,82,94.85,95.85,656.4,318.34
20967,184,0,58.6,82,93.55,94.18,669.27,274.05
20974,179,-2,58.6,82,93.66,95.7,654.76,319.04
21007,174,-2,58,82,93.66,95.49,666.51,313.47
21059,181,-4,61.8,82,94.64,95.72,669.25,329.04
21068,184,-2,61.1,82,94.7,96.33,662.47,329.03
22015,177,-4,56.7,82,93.8,95.64,657.96,302.65
22073,170,-5,56.2,82,93.83,95.87,663.95,299.64
22935,172,-7,55.3,82,93.89,95.96,658.22,303.08
23005,164,-7,56,82,95.05,95.45,647.12,296.64
23075,174,-6,55.1,82,93.78,95.86,658.51,295.6

